{
  "test_accuracy": 0.6962962962962963,
  "val_accuracy": 0.6666666666666666,
  "topk_accuracies": {
    "1": 0.6962962962962963,
    "5": 0.8814814814814815,
    "10": 0.9185185185185185,
    "20": 0.9407407407407408,
    "50": 0.9703703703703703
  },
  "same_dist_mean": 6.33719539642334,
  "diff_dist_mean": 8.459842681884766,
  "embedding_dim": 128
}