{
  "test_accuracy": 0.6888888888888889,
  "val_accuracy": 0.6524822695035462,
  "topk_accuracies": {
    "1": 0.6888888888888889,
    "5": 0.8962962962962963,
    "10": 0.9259259259259259,
    "20": 0.9555555555555556,
    "50": 0.9629629629629629
  },
  "same_dist_mean": 6.352426052093506,
  "diff_dist_mean": 8.424784660339355,
  "embedding_dim": 128
}