{
  "test_accuracy": 0.7111111111111111,
  "val_accuracy": 0.624113475177305,
  "topk_accuracies": {
    "1": 0.7111111111111111,
    "5": 0.9111111111111111,
    "10": 0.9333333333333333,
    "20": 0.9703703703703703,
    "50": 0.9851851851851852
  },
  "same_dist_mean": 6.393126487731934,
  "diff_dist_mean": 8.493082046508789,
  "embedding_dim": 128
}